id,shortName,FullName
"1","AAAS","aladin WD repeat nucleoporin"
"2","AASS","aminoadipate-semialdehyde synthase"
"3","ABAT","4-aminobutyrate aminotransferase"
"4","ABCA1","ATP binding cassette subfamily A member 1"
"5","ABCA3","ATP binding cassette subfamily A member 3"
"6","ABCA4","ATP binding cassette subfamily A member 4"
"7","ABCA12","ATP binding cassette subfamily A member 12"
"8","ABCB4","ATP binding cassette subfamily B member 4"
"9","ABCB7","ATP binding cassette subfamily B member 7"
"10","ABCB11","ATP binding cassette subfamily B member 11"
"11","ABCC2","ATP binding cassette subfamily C member 2"
"12","ABCC6","ATP binding cassette subfamily C member 6"
"13","ABCC8","ATP binding cassette subfamily C member 8"
"14","ABCC9","ATP binding cassette subfamily C member 9"
"15","ABCD1","ATP binding cassette subfamily D member 1"
"16","ABCD4","ATP binding cassette subfamily D member 4"
"17","ABCG2","ATP binding cassette subfamily G member 2 (Junior blood group)"
"18","ABCG5","ATP binding cassette subfamily G member 5"
"19","ABCG8","ATP binding cassette subfamily G member 8"
"20","ABHD5","abhydrolase domain containing 5"
"21","ABL1","ABL proto-oncogene 1, non-receptor tyrosine kinase"
"22","ACAD8","acyl-CoA dehydrogenase family member 8"
"23","ACAD9","acyl-CoA dehydrogenase family member 9"
"24","ACADM","acyl-CoA dehydrogenase medium chain"
"25","ACADS","acyl-CoA dehydrogenase short chain"
"26","ACADSB","acyl-CoA dehydrogenase short/branched chain"
"27","ACADVL","acyl-CoA dehydrogenase very long chain"
"28","ACAN","aggrecan"
"29","ACAT1","acetyl-CoA acetyltransferase 1"
"30","ACE","angiotensin I converting enzyme"
"31","ACOX1","acyl-CoA oxidase 1"
"32","ACP5","acid phosphatase 5, tartrate resistant"
"33","ACSF3","acyl-CoA synthetase family member 3"
"34","ACTA1","actin, alpha 1, skeletal muscle"
"35","ACTA2","actin, alpha 2, smooth muscle, aorta"
"36","ACTB","actin beta"
"37","ACTG1","actin gamma 1"
"38","ACTG2","actin, gamma 2, smooth muscle, enteric"
"39","ACVR1","activin A receptor type 1"
"40","ACVRL1","activin A receptor like type 1"
"41","ACY1","aminoacylase 1"
"42","ADA","adenosine deaminase"
"43","ADA2","adenosine deaminase 2"
"44","ADAMTS2","ADAM metallopeptidase with thrombospondin type 1 motif 2"
"45","ADAMTS10","ADAM metallopeptidase with thrombospondin type 1 motif 10"
"46","ADAMTS13","ADAM metallopeptidase with thrombospondin type 1 motif 13"
"47","ADAMTSL2","ADAMTS like 2"
"48","ADAMTSL4","ADAMTS like 4"
"49","ADAR","adenosine deaminase, RNA specific"
"50","ADCY5","adenylate cyclase 5"
"51","ADGRE2","adhesion G protein-coupled receptor E2"
"52","ADGRG1","adhesion G protein-coupled receptor G1"
"53","ADNP","activity dependent neuroprotector homeobox"
"54","ADSL","adenylosuccinate lyase"
"55","AFF2","AF4/FMR2 family member 2"
"56","AFF4","AF4/FMR2 family member 4"
"57","AGA","aspartylglucosaminidase"
"58","AGL","amylo-alpha-1, 6-glucosidase, 4-alpha-glucanotransferase"
"59","AGPAT2","1-acylglycerol-3-phosphate O-acyltransferase 2"
"60","AGPS","alkylglycerone phosphate synthase"
"61","AGT","angiotensinogen"
"62","AGTR1","angiotensin II receptor type 1"
"63","AGXT","alanine--glyoxylate and serine--pyruvate aminotransferase"
"64","AHCY","adenosylhomocysteinase"
"65","AHDC1","AT-hook DNA binding motif containing 1"
"66","AIP","aryl hydrocarbon receptor interacting protein"
"67","AIRE","autoimmune regulator"
"68","AKR1D1","aldo-keto reductase family 1 member D1"
"69","AKT1","AKT serine/threonine kinase 1"
"70","AKT3","AKT serine/threonine kinase 3"
"71","ALAD","aminolevulinate dehydratase"
"72","ALAS2","5'-aminolevulinate synthase 2"
"73","ALDH3A2","aldehyde dehydrogenase 3 family member A2"
"74","ALDH4A1","aldehyde dehydrogenase 4 family member A1"
"75","ALDH5A1","aldehyde dehydrogenase 5 family member A1"
"76","ALDH7A1","aldehyde dehydrogenase 7 family member A1"
"77","ALDOB","aldolase, fructose-bisphosphate B"
"78","ALG1","ALG1, chitobiosyldiphosphodolichol beta-mannosyltransferase"
"79","ALG6","ALG6, alpha-1,3-glucosyltransferase"
"80","ALG12","ALG12, alpha-1,6-mannosyltransferase"
"81","ALK","ALK receptor tyrosine kinase"
"82","ALMS1","ALMS1, centrosome and basal body associated protein"
"83","ALOX12B","arachidonate 12-lipoxygenase, 12R type"
"84","ALOXE3","arachidonate lipoxygenase 3"
"85","ALPL","alkaline phosphatase, biomineralization associated"
"86","ALS2","ALS2, alsin Rho guanine nucleotide exchange factor"
"87","ALX1","ALX homeobox 1"
"88","ALX3","ALX homeobox 3"
"89","ALX4","ALX homeobox 4"
"90","AMACR","alpha-methylacyl-CoA racemase"
"91","AMELX","amelogenin X-linked"
"92","AMER1","APC membrane recruitment protein 1"
"93","AMH","anti-Mullerian hormone"
"94","AMHR2","anti-Mullerian hormone receptor type 2"
"95","AMN","amnion associated transmembrane protein"
"96","AMPD1","adenosine monophosphate deaminase 1"
"97","AMT","aminomethyltransferase"
"98","ANK1","ankyrin 1"
"99","ANK2","ankyrin 2"
"100","ANKH","ANKH inorganic pyrophosphate transport regulator"
"101","ANKRD11","ankyrin repeat domain 11"
"102","ANO5","anoctamin 5"
"103","ANOS1","anosmin 1"
"104","ANTXR2","ANTXR cell adhesion molecule 2"
"105","APC","APC, WNT signaling pathway regulator"
"106","APOA1","apolipoprotein A1"
"107","APOB","apolipoprotein B"
"108","APOE","apolipoprotein E"
"109","APP","amyloid beta precursor protein"
"110","APRT","adenine phosphoribosyltransferase"
"111","APTX","aprataxin"
"112","AQP2","aquaporin 2"
"113","AR","androgen receptor"
"114","ARFGEF2","ADP ribosylation factor guanine nucleotide exchange factor 2"
"115","ARG1","arginase 1"
"116","ARHGAP31","Rho GTPase activating protein 31"
"117","ARID1A","AT-rich interaction domain 1A"
"118","ARID1B","AT-rich interaction domain 1B"
"119","ARMC5","armadillo repeat containing 5"
"120","ARMS2","age-related maculopathy susceptibility 2"
"121","ARSA","arylsulfatase A"
"122","ARSB","arylsulfatase B"
"123","ARSE","arylsulfatase E"
"124","ARX","aristaless related homeobox"
"125","ASAH1","N-acylsphingosine amidohydrolase 1"
"126","ASH1L","ASH1 like histone lysine methyltransferase"
"127","ASL","argininosuccinate lyase"
"128","ASNS","asparagine synthetase (glutamine-hydrolyzing)"
"129","ASPA","aspartoacylase"
"130","ASPM","abnormal spindle microtubule assembly"
"131","ASS1","argininosuccinate synthase 1"
"132","ASXL1","ASXL transcriptional regulator 1"
"133","ATG16L1","autophagy related 16 like 1"
"134","ATL1","atlastin GTPase 1"
"135","ATM","ATM serine/threonine kinase"
"136","ATN1","atrophin 1"
"137","ATP1A1","ATPase Na+/K+ transporting subunit alpha 1"
"138","ATP1A2","ATPase Na+/K+ transporting subunit alpha 2"
"139","ATP1A3","ATPase Na+/K+ transporting subunit alpha 3"
"140","ATP2A1","ATPase sarcoplasmic/endoplasmic reticulum Ca2+ transporting 1"
"141","ATP2A2","ATPase sarcoplasmic/endoplasmic reticulum Ca2+ transporting 2"
"142","ATP2C1","ATPase secretory pathway Ca2+ transporting 1"
"143","ATP6V0A2","ATPase H+ transporting V0 subunit a2"
"144","ATP6V0A4","ATPase H+ transporting V0 subunit a4"
"145","ATP6V1B1","ATPase H+ transporting V1 subunit B1"
"146","ATP7A","ATPase copper transporting alpha"
"147","ATP7B","ATPase copper transporting beta"
"148","ATP8B1","ATPase phospholipid transporting 8B1"
"149","ATRX","ATRX, chromatin remodeler"
"150","ATXN1","ataxin 1"
"151","ATXN2","ataxin 2"
"152","ATXN3","ataxin 3"
"153","AUH","AU RNA binding methylglutaconyl-CoA hydratase"
"154","AURKC","aurora kinase C"
"155","AVP","arginine vasopressin"
"156","AVPR2","arginine vasopressin receptor 2"
"157","B3GLCT","beta 3-glucosyltransferase"
"158","BAP1","BRCA1 associated protein 1"
"159","BBS1","Bardet-Biedl syndrome 1"
"160","BBS10","Bardet-Biedl syndrome 10"
"161","BCHE","butyrylcholinesterase"
"162","BCKDHA","branched chain keto acid dehydrogenase E1, alpha polypeptide"
"163","BCKDHB","branched chain keto acid dehydrogenase E1 subunit beta"
"164","BCOR","BCL6 corepressor"
"165","BCR","BCR, RhoGEF and GTPase activating protein"
"166","BCS1L","BCS1 homolog, ubiquinol-cytochrome c reductase complex chaperone"
"167","BDNF","brain derived neurotrophic factor"
"168","BEST1","bestrophin 1"
"169","BICD2","BICD cargo adaptor 2"
"170","BIN1","bridging integrator 1"
"171","BLM","BLM RecQ like helicase"
"172","BMPR1A","bone morphogenetic protein receptor type 1A"
"173","BMPR2","bone morphogenetic protein receptor type 2"
"174","BOLA3","bolA family member 3"
"175","BRAF","B-Raf proto-oncogene, serine/threonine kinase"
"176","BRCA1","BRCA1, DNA repair associated"
"177","BRCA2","BRCA2, DNA repair associated"
"178","BSCL2","BSCL2, seipin lipid droplet biogenesis associated"
"179","BSND","barttin CLCNK type accessory beta subunit"
"180","BTD","biotinidase"
"181","BTK","Bruton tyrosine kinase"
"182","BUB1B","BUB1 mitotic checkpoint serine/threonine kinase B"
"183","C2","complement C2"
"184","C3","complement C3"
"185","C8A","complement C8 alpha chain"
"186","C8B","complement C8 beta chain"
"187","C9orf72","chromosome 9 open reading frame 72"
"188","C19orf12","chromosome 19 open reading frame 12"
"189","CA5A","carbonic anhydrase 5A"
"190","CA12","carbonic anhydrase 12"
"191","CACNA1A","calcium voltage-gated channel subunit alpha1 A"
"192","CACNA1C","calcium voltage-gated channel subunit alpha1 C"
"193","CACNA1D","calcium voltage-gated channel subunit alpha1 D"
"194","CACNA1F","calcium voltage-gated channel subunit alpha1 F"
"195","CACNA1S","calcium voltage-gated channel subunit alpha1 S"
"196","CACNB4","calcium voltage-gated channel auxiliary subunit beta 4"
"197","CALR","calreticulin"
"198","CAPN3","calpain 3"
"199","CARD9","caspase recruitment domain family member 9"
"200","CARD11","caspase recruitment domain family member 11"
"201","CARD14","caspase recruitment domain family member 14"
"202","CASK","calcium/calmodulin dependent serine protein kinase"
"203","CASQ2","calsequestrin 2"
"204","CASR","calcium sensing receptor"
"205","CAT","catalase"
"206","CATSPER1","cation channel sperm associated 1"
"207","CATSPER2","cation channel sperm associated 2"
"208","CAV1","caveolin 1"
"209","CAV3","caveolin 3"
"210","CAVIN1","caveolae associated protein 1"
"211","CBFB","core-binding factor subunit beta"
"212","CBS","cystathionine-beta-synthase"
"213","CCBE1","collagen and calcium binding EGF domains 1"
"214","CCM2","CCM2 scaffold protein"
"215","CCN6","cellular communication network factor 6"
"216","CCND2","cyclin D2"
"217","CD40LG","CD40 ligand"
"218","CDAN1","codanin 1"
"219","CDC6","cell division cycle 6"
"220","CDC73","cell division cycle 73"
"221","CDH1","cadherin 1"
"222","CDH23","cadherin related 23"
"223","CDKL5","cyclin dependent kinase like 5"
"224","CDKN1B","cyclin dependent kinase inhibitor 1B"
"225","CDKN1C","cyclin dependent kinase inhibitor 1C"
"226","CDKN2A","cyclin dependent kinase inhibitor 2A"
"227","CDT1","chromatin licensing and DNA replication factor 1"
"228","CEBPA","CCAAT enhancer binding protein alpha"
"229","CEP57","centrosomal protein 57"
"230","CEP290","centrosomal protein 290"
"231","CFH","complement factor H"
"232","CFHR5","complement factor H related 5"
"233","CFI","complement factor I"
"234","CFTR","cystic fibrosis transmembrane conductance regulator"
"235","CHAT","choline O-acetyltransferase"
"236","CHD2","chromodomain helicase DNA binding protein 2"
"237","CHD7","chromodomain helicase DNA binding protein 7"
"238","CHD8","chromodomain helicase DNA binding protein 8"
"239","CHEK2","checkpoint kinase 2"
"240","CHM","CHM, Rab escort protein 1"
"241","CHMP2B","charged multivesicular body protein 2B"
"242","CHN1","chimerin 1"
"243","CHRNA2","cholinergic receptor nicotinic alpha 2 subunit"
"244","CHRNA4","cholinergic receptor nicotinic alpha 4 subunit"
"245","CHRNB2","cholinergic receptor nicotinic beta 2 subunit"
"246","CHRNE","cholinergic receptor nicotinic epsilon subunit"
"247","CHRNG","cholinergic receptor nicotinic gamma subunit"
"248","CHST3","carbohydrate sulfotransferase 3"
"249","CIITA","class II major histocompatibility complex transactivator"
"250","CISD2","CDGSH iron sulfur domain 2"
"251","CLCF1","cardiotrophin like cytokine factor 1"
"252","CLCN1","chloride voltage-gated channel 1"
"253","CLCN2","chloride voltage-gated channel 2"
"254","CLCN5","chloride voltage-gated channel 5"
"255","CLCN7","chloride voltage-gated channel 7"
"256","CLCNKA","chloride voltage-gated channel Ka"
"257","CLCNKB","chloride voltage-gated channel Kb"
"258","CLIP2","CAP-Gly domain containing linker protein 2"
"259","CLN3","CLN3, battenin"
"260","CLN5","CLN5, intracellular trafficking protein"
"261","CLN6","CLN6, transmembrane ER protein"
"262","CLN8","CLN8, transmembrane ER and ERGIC protein"
"263","CLPB","ClpB homolog, mitochondrial AAA ATPase chaperonin"
"264","CLPP","caseinolytic mitochondrial matrix peptidase proteolytic subunit"
"265","CLRN1","clarin 1"
"266","CNBP","CCHC-type zinc finger nucleic acid binding protein"
"267","CNGA3","cyclic nucleotide gated channel alpha 3"
"268","CNGB3","cyclic nucleotide gated channel beta 3"
"269","COG5","component of oligomeric golgi complex 5"
"270","COL1A1","collagen type I alpha 1 chain"
"271","COL1A2","collagen type I alpha 2 chain"
"272","COL2A1","collagen type II alpha 1 chain"
"273","COL3A1","collagen type III alpha 1 chain"
"274","COL4A1","collagen type IV alpha 1 chain"
"275","COL4A3","collagen type IV alpha 3 chain"
"276","COL4A4","collagen type IV alpha 4 chain"
"277","COL4A5","collagen type IV alpha 5 chain"
"278","COL5A1","collagen type V alpha 1 chain"
"279","COL5A2","collagen type V alpha 2 chain"
"280","COL6A1","collagen type VI alpha 1 chain"
"281","COL6A2","collagen type VI alpha 2 chain"
"282","COL6A3","collagen type VI alpha 3 chain"
"283","COL7A1","collagen type VII alpha 1 chain"
"284","COL8A2","collagen type VIII alpha 2 chain"
"285","COL9A1","collagen type IX alpha 1 chain"
"286","COL9A2","collagen type IX alpha 2 chain"
"287","COL9A3","collagen type IX alpha 3 chain"
"288","COL11A1","collagen type XI alpha 1 chain"
"289","COL11A2","collagen type XI alpha 2 chain"
"290","COL17A1","collagen type XVII alpha 1 chain"
"291","COL18A1","collagen type XVIII alpha 1 chain"
"292","COLEC10","collectin subfamily member 10"
"293","COLEC11","collectin subfamily member 11"
"294","COLQ","collagen like tail subunit of asymmetric acetylcholinesterase"
"295","COMP","cartilage oligomeric matrix protein"
"296","COMT","catechol-O-methyltransferase"
"297","COQ2","coenzyme Q2, polyprenyltransferase"
"298","COQ4","coenzyme Q4"
"299","COQ6","coenzyme Q6, monooxygenase"
"300","COQ8A","coenzyme Q8A"
"301","COQ8B","coenzyme Q8B"
"302","CP","ceruloplasmin"
"303","CPOX","coproporphyrinogen oxidase"
"304","CPS1","carbamoyl-phosphate synthase 1"
"305","CPT1A","carnitine palmitoyltransferase 1A"
"306","CPT2","carnitine palmitoyltransferase 2"
"307","CRB1","crumbs 1, cell polarity complex component"
"308","CREBBP","CREB binding protein"
"309","CRLF1","cytokine receptor like factor 1"
"310","CRPPA","CDP-L-ribitol pyrophosphorylase A"
"311","CRTAP","cartilage associated protein"
"312","CRX","cone-rod homeobox"
"313","CSF1R","colony stimulating factor 1 receptor"
"314","CST3","cystatin C"
"315","CSTB","cystatin B"
"316","CTC1","CST telomere replication complex component 1"
"317","CTDP1","CTD phosphatase subunit 1"
"318","CTNNB1","catenin beta 1"
"319","CTNND1","catenin delta 1"
"320","CTNND2","catenin delta 2"
"321","CTNS","cystinosin, lysosomal cystine transporter"
"322","CTSA","cathepsin A"
"323","CTSD","cathepsin D"
"324","CUBN","cubilin"
"325","CUL3","cullin 3"
"326","CUL7","cullin 7"
"327","CXCR4","C-X-C motif chemokine receptor 4"
"328","CYB5R3","cytochrome b5 reductase 3"
"329","CYBA","cytochrome b-245 alpha chain"
"330","CYBB","cytochrome b-245 beta chain"
"331","CYLD","CYLD lysine 63 deubiquitinase"
"332","CYP1B1","cytochrome P450 family 1 subfamily B member 1"
"333","CYP2C9","cytochrome P450 family 2 subfamily C member 9"
"334","CYP2C19","cytochrome P450 family 2 subfamily C member 19"
"335","CYP2R1","cytochrome P450 family 2 subfamily R member 1"
"336","CYP4V2","cytochrome P450 family 4 subfamily V member 2"
"337","CYP7B1","cytochrome P450 family 7 subfamily B member 1"
"338","CYP11B1","cytochrome P450 family 11 subfamily B member 1"
"339","CYP11B2","cytochrome P450 family 11 subfamily B member 2"
"340","CYP17A1","cytochrome P450 family 17 subfamily A member 1"
"341","CYP19A1","cytochrome P450 family 19 subfamily A member 1"
"342","CYP21A2","cytochrome P450 family 21 subfamily A member 2"
"343","CYP24A1","cytochrome P450 family 24 subfamily A member 1"
"344","CYP27A1","cytochrome P450 family 27 subfamily A member 1"
"345","CYP27B1","cytochrome P450 family 27 subfamily B member 1"
"346","D2HGDH","D-2-hydroxyglutarate dehydrogenase"
"347","DARS","aspartyl-tRNA synthetase"
"348","DARS2","aspartyl-tRNA synthetase 2, mitochondrial"
"349","DBH","dopamine beta-hydroxylase"
"350","DBT","dihydrolipoamide branched chain transacylase E2"
"351","DCAF17","DDB1 and CUL4 associated factor 17"
"352","DCC","DCC netrin 1 receptor"
"353","DCN","decorin"
"354","DCTN1","dynactin subunit 1"
"355","DCX","doublecortin"
"356","DCXR","dicarbonyl and L-xylulose reductase"
"357","DDC","dopa decarboxylase"
"358","DDX11","DEAD/H-box helicase 11"
"359","DEPDC5","DEP domain containing 5"
"360","DES","desmin"
"361","DGUOK","deoxyguanosine kinase"
"362","DHCR7","7-dehydrocholesterol reductase"
"363","DHCR24","24-dehydrocholesterol reductase"
"364","DHH","desert hedgehog"
"365","DHODH","dihydroorotate dehydrogenase (quinone)"
"366","DICER1","dicer 1, ribonuclease III"
"367","DKC1","dyskerin pseudouridine synthase 1"
"368","DLAT","dihydrolipoamide S-acetyltransferase"
"369","DLD","dihydrolipoamide dehydrogenase"
"370","DLL3","delta like canonical Notch ligand 3"
"371","DLL4","delta like canonical Notch ligand 4"
"372","DMD","dystrophin"
"373","DMPK","DM1 protein kinase"
"374","DNAH5","dynein axonemal heavy chain 5"
"375","DNAI1","dynein axonemal intermediate chain 1"
"376","DNAJC5","DnaJ heat shock protein family (Hsp40) member C5"
"377","DNAJC19","DnaJ heat shock protein family (Hsp40) member C19"
"378","DNM2","dynamin 2"
"379","DNMT1","DNA methyltransferase 1"
"380","DNMT3A","DNA methyltransferase 3 alpha"
"381","DOCK6","dedicator of cytokinesis 6"
"382","DOCK8","dedicator of cytokinesis 8"
"383","DOK7","docking protein 7"
"384","DOLK","dolichol kinase"
"385","DPY19L2","dpy-19 like 2"
"386","DPYD","dihydropyrimidine dehydrogenase"
"387","DPYS","dihydropyrimidinase"
"388","DRD5","dopamine receptor D5"
"389","DSC2","desmocollin 2"
"390","DSG4","desmoglein 4"
"391","DSP","desmoplakin"
"392","DSPP","dentin sialophosphoprotein"
"393","DUOX2","dual oxidase 2"
"394","DUX4","double homeobox 4"
"395","DVL1","dishevelled segment polarity protein 1"
"396","DVL3","dishevelled segment polarity protein 3"
"397","DYNC1H1","dynein cytoplasmic 1 heavy chain 1"
"398","DYNC2H1","dynein cytoplasmic 2 heavy chain 1"
"399","DYRK1A","dual specificity tyrosine phosphorylation regulated kinase 1A"
"400","DYSF","dysferlin"
"401","EARS2","glutamyl-tRNA synthetase 2, mitochondrial"
"402","EBP","EBP, cholestenol delta-isomerase"
"403","ECM1","extracellular matrix protein 1"
"404","EDA","ectodysplasin A"
"405","EDAR","ectodysplasin A receptor"
"406","EDARADD","EDAR associated death domain"
"407","EDN3","endothelin 3"
"408","EDNRB","endothelin receptor type B"
"409","EFEMP2","EGF containing fibulin extracellular matrix protein 2"
"410","EFHC1","EF-hand domain containing 1"
"411","EFTUD2","elongation factor Tu GTP binding domain containing 2"
"412","EGFR","epidermal growth factor receptor"
"413","EGLN1","egl-9 family hypoxia inducible factor 1"
"414","EHMT1","euchromatic histone lysine methyltransferase 1"
"415","EIF2AK4","eukaryotic translation initiation factor 2 alpha kinase 4"
"416","EIF2B1","eukaryotic translation initiation factor 2B subunit alpha"
"417","EIF2B2","eukaryotic translation initiation factor 2B subunit beta"
"418","EIF2B3","eukaryotic translation initiation factor 2B subunit gamma"
"419","EIF2B4","eukaryotic translation initiation factor 2B subunit delta"
"420","EIF2B5","eukaryotic translation initiation factor 2B subunit epsilon"
"421","ELANE","elastase, neutrophil expressed"
"422","ELN","elastin"
"423","ELOVL4","ELOVL fatty acid elongase 4"
"424","ELP1","elongator complex protein 1"
"425","EMD","emerin"
"426","EMG1","EMG1, N1-specific pseudouridine methyltransferase"
"427","ENAM","enamelin"
"428","ENG","endoglin"
"429","ENPP1","ectonucleotide pyrophosphatase/phosphodiesterase 1"
"430","EOGT","EGF domain specific O-linked N-acetylglucosamine transferase"
"431","EP300","E1A binding protein p300"
"432","EPAS1","endothelial PAS domain protein 1"
"433","EPCAM","epithelial cell adhesion molecule"
"434","EPG5","ectopic P-granules autophagy protein 5 homolog"
"435","EPM2A","EPM2A, laforin glucan phosphatase"
"436","EPOR","erythropoietin receptor"
"437","EPX","eosinophil peroxidase"
"438","ERAP1","endoplasmic reticulum aminopeptidase 1"
"439","ERCC2","ERCC excision repair 2, TFIIH core complex helicase subunit"
"440","ERCC3","ERCC excision repair 3, TFIIH core complex helicase subunit"
"441","ERCC6","ERCC excision repair 6, chromatin remodeling factor"
"442","ERCC8","ERCC excision repair 8, CSA ubiquitin ligase complex subunit"
"443","ESCO2","establishment of sister chromatid cohesion N-acetyltransferase 2"
"444","ETFA","electron transfer flavoprotein subunit alpha"
"445","ETFB","electron transfer flavoprotein subunit beta"
"446","ETFDH","electron transfer flavoprotein dehydrogenase"
"447","ETHE1","ETHE1, persulfide dioxygenase"
"448","ETV6","ETS variant 6"
"449","EVC","EvC ciliary complex subunit 1"
"450","EVC2","EvC ciliary complex subunit 2"
"451","EWSR1","EWS RNA binding protein 1"
"452","EXOSC3","exosome component 3"
"453","EXT1","exostosin glycosyltransferase 1"
"454","EXT2","exostosin glycosyltransferase 2"
"455","EYA1","EYA transcriptional coactivator and phosphatase 1"
"456","EZH2","enhancer of zeste 2 polycomb repressive complex 2 subunit"
"457","F2","coagulation factor II, thrombin"
"458","F5","coagulation factor V"
"459","F7","coagulation factor VII"
"460","F8","coagulation factor VIII"
"461","F9","coagulation factor IX"
"462","F10","coagulation factor X"
"463","F11","coagulation factor XI"
"464","F12","coagulation factor XII"
"465","F13A1","coagulation factor XIII A chain"
"466","F13B","coagulation factor XIII B chain"
"467","FA2H","fatty acid 2-hydroxylase"
"468","FAH","fumarylacetoacetate hydrolase"
"469","FAM83H","family with sequence similarity 83 member H"
"470","FAM111B","family with sequence similarity 111 member B"
"471","FAM126A","family with sequence similarity 126 member A"
"472","FANCA","FA complementation group A"
"473","FANCC","FA complementation group C"
"474","FANCG","FA complementation group G"
"475","FAS","Fas cell surface death receptor"
"476","FAT4","FAT atypical cadherin 4"
"477","FBLN5","fibulin 5"
"478","FBN1","fibrillin 1"
"479","FBN2","fibrillin 2"
"480","FBXL4","F-box and leucine rich repeat protein 4"
"481","FECH","ferrochelatase"
"482","FERMT1","fermitin family member 1"
"483","FGA","fibrinogen alpha chain"
"484","FGB","fibrinogen beta chain"
"485","FGD1","FYVE, RhoGEF and PH domain containing 1"
"486","FGF3","fibroblast growth factor 3"
"487","FGF8","fibroblast growth factor 8"
"488","FGF10","fibroblast growth factor 10"
"489","FGF23","fibroblast growth factor 23"
"490","FGFR1","fibroblast growth factor receptor 1"
"491","FGFR2","fibroblast growth factor receptor 2"
"492","FGFR3","fibroblast growth factor receptor 3"
"493","FGFR4","fibroblast growth factor receptor 4"
"494","FGG","fibrinogen gamma chain"
"495","FH","fumarate hydratase"
"496","FHL1","four and a half LIM domains 1"
"497","FIP1L1","FIP1 like 1 (S. cerevisiae)"
"498","FKBP10","FKBP prolyl isomerase 10"
"499","FKBP14","FKBP prolyl isomerase 14"
"500","FKRP","fukutin related protein"
"501","FKTN","fukutin"
"502","FLCN","folliculin"
"503","FLG","filaggrin"
"504","FLI1","Fli-1 proto-oncogene, ETS transcription factor"
"505","FLNA","filamin A"
"506","FLNB","filamin B"
"507","FLT3","fms related tyrosine kinase 3"
"508","FLT4","fms related tyrosine kinase 4"
"509","FMO3","flavin containing monooxygenase 3"
"510","FMR1","fragile X mental retardation 1"
"511","FN1","fibronectin 1"
"512","FOLR1","folate receptor 1"
"513","FOXC1","forkhead box C1"
"514","FOXC2","forkhead box C2"
"515","FOXF1","forkhead box F1"
"516","FOXG1","forkhead box G1"
"517","FOXL2","forkhead box L2"
"518","FOXN1","forkhead box N1"
"519","FOXP2","forkhead box P2"
"520","FOXP3","forkhead box P3"
"521","FRAS1","Fraser extracellular matrix complex subunit 1"
"522","FREM1","FRAS1 related extracellular matrix 1"
"523","FREM2","FRAS1 related extracellular matrix protein 2"
"524","FRMD7","FERM domain containing 7"
"525","FTCD","formimidoyltransferase cyclodeaminase"
"526","FTL","ferritin light chain"
"527","FUCA1","alpha-L-fucosidase 1"
"528","FUS","FUS RNA binding protein"
"529","FXN","frataxin"
"530","FZD2","frizzled class receptor 2"
"531","FZD4","frizzled class receptor 4"
"532","FZD6","frizzled class receptor 6"
"533","G6PC","glucose-6-phosphatase catalytic subunit"
"534","G6PD","glucose-6-phosphate dehydrogenase"
"535","GAA","glucosidase alpha, acid"
"536","GABRA1","gamma-aminobutyric acid type A receptor alpha1 subunit"
"537","GALC","galactosylceramidase"
"538","GALE","UDP-galactose-4-epimerase"
"539","GALK1","galactokinase 1"
"540","GALNS","galactosamine (N-acetyl)-6-sulfatase"
"541","GALNT3","polypeptide N-acetylgalactosaminyltransferase 3"
"542","GALT","galactose-1-phosphate uridylyltransferase"
"543","GAMT","guanidinoacetate N-methyltransferase"
"544","GAN","gigaxonin"
"545","GARS","glycyl-tRNA synthetase"
"546","GATA1","GATA binding protein 1"
"547","GATM","glycine amidinotransferase"
"548","GBA","glucosylceramidase beta"
"549","GBE1","1,4-alpha-glucan branching enzyme 1"
"550","GCDH","glutaryl-CoA dehydrogenase"
"551","GCH1","GTP cyclohydrolase 1"
"552","GDF3","growth differentiation factor 3"
"553","GDF6","growth differentiation factor 6"
"554","GFAP","glial fibrillary acidic protein"
"555","GFM1","G elongation factor mitochondrial 1"
"556","GH1","growth hormone 1"
"557","GHR","growth hormone receptor"
"558","GHRHR","growth hormone releasing hormone receptor"
"559","GJA1","gap junction protein alpha 1"
"560","GJB1","gap junction protein beta 1"
"561","GJB2","gap junction protein beta 2"
"562","GJB3","gap junction protein beta 3"
"563","GJB4","gap junction protein beta 4"
"564","GJB6","gap junction protein beta 6"
"565","GJC2","gap junction protein gamma 2"
"566","GLA","galactosidase alpha"
"567","GLB1","galactosidase beta 1"
"568","GLDC","glycine decarboxylase"
"569","GLI3","GLI family zinc finger 3"
"570","GLRA1","glycine receptor alpha 1"
"571","GM2A","GM2 ganglioside activator"
"572","GNA11","G protein subunit alpha 11"
"573","GNAI3","G protein subunit alpha i3"
"574","GNAQ","G protein subunit alpha q"
"575","GNAS","GNAS complex locus"
"576","GNAT1","G protein subunit alpha transducin 1"
"577","GNAT2","G protein subunit alpha transducin 2"
"578","GNE","glucosamine (UDP-N-acetyl)-2-epimerase/N-acetylmannosamine kinase"
"579","GNMT","glycine N-methyltransferase"
"580","GNPAT","glyceronephosphate O-acyltransferase"
"581","GNPTAB","N-acetylglucosamine-1-phosphate transferase subunits alpha and beta"
"582","GNPTG","N-acetylglucosamine-1-phosphate transferase subunit gamma"
"583","GNS","glucosamine (N-acetyl)-6-sulfatase"
"584","GP1BA","glycoprotein Ib platelet subunit alpha"
"585","GP1BB","glycoprotein Ib platelet subunit beta"
"586","GP6","glycoprotein VI platelet"
"587","GP9","glycoprotein IX platelet"
"588","GPC3","glypican 3"
"589","GPHN","gephyrin"
"590","GPI","glucose-6-phosphate isomerase"
"591","GPR101","G protein-coupled receptor 101"
"592","GPR143","G protein-coupled receptor 143"
"593","GRHPR","glyoxylate and hydroxypyruvate reductase"
"594","GRIN2A","glutamate ionotropic receptor NMDA type subunit 2A"
"595","GRIN2B","glutamate ionotropic receptor NMDA type subunit 2B"
"596","GRIP1","glutamate receptor interacting protein 1"
"597","GRM6","glutamate metabotropic receptor 6"
"598","GRN","granulin precursor"
"599","GSN","gelsolin"
"600","GSS","glutathione synthetase"
"601","GTF2H5","general transcription factor IIH subunit 5"
"602","GTF2I","general transcription factor IIi"
"603","GTF2IRD1","GTF2I repeat domain containing 1"
"604","GUCY2D","guanylate cyclase 2D, retinal"
"605","GUSB","glucuronidase beta"
"606","GYS1","glycogen synthase 1"
"607","GYS2","glycogen synthase 2"
"608","H19","H19, imprinted maternally expressed transcript"
"609","HADH","hydroxyacyl-CoA dehydrogenase"
"610","HADHA","hydroxyacyl-CoA dehydrogenase trifunctional multienzyme complex subunit alpha"
"611","HADHB","hydroxyacyl-CoA dehydrogenase trifunctional multienzyme complex subunit beta"
"612","HAL","histidine ammonia-lyase"
"613","HAMP","hepcidin antimicrobial peptide"
"614","HARS2","histidyl-tRNA synthetase 2, mitochondrial"
"615","HAX1","HCLS1 associated protein X-1"
"616","HBA1","hemoglobin subunit alpha 1"
"617","HBA2","hemoglobin subunit alpha 2"
"618","HBB","hemoglobin subunit beta"
"619","HCCS","holocytochrome c synthase"
"620","HCFC1","host cell factor C1"
"621","HCN4","hyperpolarization activated cyclic nucleotide gated potassium channel 4"
"622","HDAC4","histone deacetylase 4"
"623","HDAC8","histone deacetylase 8"
"624","HEPACAM","hepatic and glial cell adhesion molecule"
"625","HESX1","HESX homeobox 1"
"626","HEXA","hexosaminidase subunit alpha"
"627","HEXB","hexosaminidase subunit beta"
"628","HFE","homeostatic iron regulator"
"629","HGD","homogentisate 1,2-dioxygenase"
"630","HGSNAT","heparan-alpha-glucosaminide N-acetyltransferase"
"631","HINT1","histidine triad nucleotide binding protein 1"
"632","HIVEP2","human immunodeficiency virus type I enhancer binding protein 2"
"633","HJV","hemojuvelin BMP co-receptor"
"634","HLA-B","major histocompatibility complex, class I, B"
"635","HLA-DPB1","major histocompatibility complex, class II, DP beta 1"
"636","HLA-DQA1","major histocompatibility complex, class II, DQ alpha 1"
"637","HLA-DQB1","major histocompatibility complex, class II, DQ beta 1"
"638","HLA-DRB1","major histocompatibility complex, class II, DR beta 1"
"639","HLCS","holocarboxylase synthetase"
"640","HMBS","hydroxymethylbilane synthase"
"641","HMGCL","3-hydroxy-3-methylglutaryl-CoA lyase"
"642","HNF1B","HNF1 homeobox B"
"643","HOGA1","4-hydroxy-2-oxoglutarate aldolase 1"
"644","HOXA13","homeobox A13"
"645","HOXB13","homeobox B13"
"646","HPD","4-hydroxyphenylpyruvate dioxygenase"
"647","HPRT1","hypoxanthine phosphoribosyltransferase 1"
"648","HPS1","HPS1, biogenesis of lysosomal organelles complex 3 subunit 1"
"649","HPS3","HPS3, biogenesis of lysosomal organelles complex 2 subunit 1"
"650","HPSE2","heparanase 2 (inactive)"
"651","HRAS","HRas proto-oncogene, GTPase"
"652","HSD3B2","hydroxy-delta-5-steroid dehydrogenase, 3 beta- and steroid delta-isomerase 2"
"653","HSD3B7","hydroxy-delta-5-steroid dehydrogenase, 3 beta- and steroid delta-isomerase 7"
"654","HSD17B3","hydroxysteroid 17-beta dehydrogenase 3"
"655","HSD17B4","hydroxysteroid 17-beta dehydrogenase 4"
"656","HSD17B10","hydroxysteroid 17-beta dehydrogenase 10"
"657","HSPB1","heat shock protein family B (small) member 1"
"658","HSPB8","heat shock protein family B (small) member 8"
"659","HSPG2","heparan sulfate proteoglycan 2"
"660","HTRA1","HtrA serine peptidase 1"
"661","HTT","huntingtin"
"662","IDH1","isocitrate dehydrogenase (NADP(+)) 1, cytosolic"
"663","IDH2","isocitrate dehydrogenase (NADP(+)) 2, mitochondrial"
"664","IDS","iduronate 2-sulfatase"
"665","IDUA","iduronidase, alpha-L-"
"666","IFIH1","interferon induced with helicase C domain 1"
"667","IFT43","intraflagellar transport 43"
"668","IFT80","intraflagellar transport 80"
"669","IFT122","intraflagellar transport 122"
"670","IFT140","intraflagellar transport 140"
"671","IGF2","insulin like growth factor 2"
"672","IGFBP7","insulin like growth factor binding protein 7"
"673","IGHMBP2","immunoglobulin mu DNA binding protein 2"
"674","IKBKG","inhibitor of nuclear factor kappa B kinase subunit gamma"
"675","IL1A","interleukin 1 alpha"
"676","IL2RG","interleukin 2 receptor subunit gamma"
"677","IL7R","interleukin 7 receptor"
"678","IL17RC","interleukin 17 receptor C"
"679","IL23R","interleukin 23 receptor"
"680","IL31RA","interleukin 31 receptor A"
"681","IL36RN","interleukin 36 receptor antagonist"
"682","INS","insulin"
"683","INSR","insulin receptor"
"684","IRAK4","interleukin 1 receptor associated kinase 4"
"685","IRF5","interferon regulatory factor 5"
"686","IRF6","interferon regulatory factor 6"
"687","IRGM","immunity related GTPase M"
"688","ISCU","iron-sulfur cluster assembly enzyme"
"689","ITGA2B","integrin subunit alpha 2b"
"690","ITGA6","integrin subunit alpha 6"
"691","ITGB2","integrin subunit beta 2"
"692","ITGB3","integrin subunit beta 3"
"693","ITGB4","integrin subunit beta 4"
"694","ITM2B","integral membrane protein 2B"
"695","ITPKC","inositol-trisphosphate 3-kinase C"
"696","ITPR1","inositol 1,4,5-trisphosphate receptor type 1"
"697","IVD","isovaleryl-CoA dehydrogenase"
"698","JAG1","jagged 1"
"699","JAK2","Janus kinase 2"
"700","JAK3","Janus kinase 3"
"701","JPH3","junctophilin 3"
"702","JUP","junction plakoglobin"
"703","KANK2","KN motif and ankyrin repeat domains 2"
"704","KANSL1","KAT8 regulatory NSL complex subunit 1"
"705","KAT6B","lysine acetyltransferase 6B"
"706","KCNA1","potassium voltage-gated channel subfamily A member 1"
"707","KCNE1","potassium voltage-gated channel subfamily E regulatory subunit 1"
"708","KCNH2","potassium voltage-gated channel subfamily H member 2"
"709","KCNJ1","potassium voltage-gated channel subfamily J member 1"
"710","KCNJ2","potassium voltage-gated channel subfamily J member 2"
"711","KCNJ5","potassium voltage-gated channel subfamily J member 5"
"712","KCNJ11","potassium voltage-gated channel subfamily J member 11"
"713","KCNK9","potassium two pore domain channel subfamily K member 9"
"714","KCNQ1","potassium voltage-gated channel subfamily Q member 1"
"715","KCNQ1OT1","KCNQ1 opposite strand/antisense transcript 1"
"716","KCNQ2","potassium voltage-gated channel subfamily Q member 2"
"717","KCNQ3","potassium voltage-gated channel subfamily Q member 3"
"718","KCNQ4","potassium voltage-gated channel subfamily Q member 4"
"719","KCNT1","potassium sodium-activated channel subfamily T member 1"
"720","KCTD1","potassium channel tetramerization domain containing 1"
"721","KDM6A","lysine demethylase 6A"
"722","KHDC3L","KH domain containing 3 like, subcortical maternal complex member"
"723","KIF1B","kinesin family member 1B"
"724","KIF7","kinesin family member 7"
"725","KIF21A","kinesin family member 21A"
"726","KIT","KIT proto-oncogene receptor tyrosine kinase"
"727","KL","klotho"
"728","KLHL3","kelch like family member 3"
"729","KLKB1","kallikrein B1"
"730","KLLN","killin, p53 regulated DNA replication inhibitor"
"731","KMT2D","lysine methyltransferase 2D"
"732","KRAS","KRAS proto-oncogene, GTPase"
"733","KRIT1","KRIT1, ankyrin repeat containing"
"734","KRT1","keratin 1"
"735","KRT3","keratin 3"
"736","KRT4","keratin 4"
"737","KRT5","keratin 5"
"738","KRT6A","keratin 6A"
"739","KRT6B","keratin 6B"
"740","KRT6C","keratin 6C"
"741","KRT10","keratin 10"
"742","KRT12","keratin 12"
"743","KRT13","keratin 13"
"744","KRT14","keratin 14"
"745","KRT16","keratin 16"
"746","KRT17","keratin 17"
"747","KRT81","keratin 81"
"748","KRT83","keratin 83"
"749","KRT86","keratin 86"
"750","L1CAM","L1 cell adhesion molecule"
"751","L2HGDH","L-2-hydroxyglutarate dehydrogenase"
"752","LAMA2","laminin subunit alpha 2"
"753","LAMA3","laminin subunit alpha 3"
"754","LAMB3","laminin subunit beta 3"
"755","LAMC2","laminin subunit gamma 2"
"756","LAMP2","lysosomal associated membrane protein 2"
"757","LARGE1","LARGE xylosyl- and glucuronyltransferase 1"
"758","LARS2","leucyl-tRNA synthetase 2, mitochondrial"
"759","LBR","lamin B receptor"
"760","LCAT","lecithin-cholesterol acyltransferase"
"761","LCT","lactase"
"762","LDB3","LIM domain binding 3"
"763","LDHA","lactate dehydrogenase A"
"764","LDHB","lactate dehydrogenase B"
"765","LDLR","low density lipoprotein receptor"
"766","LDLRAP1","low density lipoprotein receptor adaptor protein 1"
"767","LEMD3","LEM domain containing 3"
"768","LEP","leptin"
"769","LEPR","leptin receptor"
"770","LETM1","leucine zipper and EF-hand containing transmembrane protein 1"
"771","LGI1","leucine rich glioma inactivated 1"
"772","LHCGR","luteinizing hormone/choriogonadotropin receptor"
"773","LHX1","LIM homeobox 1"
"774","LIFR","LIF receptor alpha"
"775","LIMK1","LIM domain kinase 1"
"776","LIPA","lipase A, lysosomal acid type"
"777","LIPC","lipase C, hepatic type"
"778","LIPH","lipase H"
"779","LMBRD1","LMBR1 domain containing 1"
"780","LMNA","lamin A/C"
"781","LMNB1","lamin B1"
"782","LMX1B","LIM homeobox transcription factor 1 beta"
"783","LOR","loricrin"
"784","LPAR6","lysophosphatidic acid receptor 6"
"785","LPIN2","lipin 2"
"786","LPL","lipoprotein lipase"
"787","LRP2","LDL receptor related protein 2"
"788","LRP5","LDL receptor related protein 5"
"789","LRRK2","leucine rich repeat kinase 2"
"790","LYST","lysosomal trafficking regulator"
"791","LZTR1","leucine zipper like transcription regulator 1"
"792","MAGT1","magnesium transporter 1"
"793","MAN2B1","mannosidase alpha class 2B member 1"
"794","MANBA","mannosidase beta"
"795","MAOA","monoamine oxidase A"
"796","MAP2K1","mitogen-activated protein kinase kinase 1"
"797","MAP2K2","mitogen-activated protein kinase kinase 2"
"798","MAP3K1","mitogen-activated protein kinase kinase kinase 1"
"799","MAPT","microtubule associated protein tau"
"800","MASP1","mannan binding lectin serine peptidase 1"
"801","MAT1A","methionine adenosyltransferase 1A"
"802","MATN3","matrilin 3"
"803","MATR3","matrin 3"
"804","MBD5","methyl-CpG binding domain protein 5"
"805","MBL2","mannose binding lectin 2"
"806","MC1R","melanocortin 1 receptor"
"807","MC2R","melanocortin 2 receptor"
"808","MCCC1","methylcrotonoyl-CoA carboxylase 1"
"809","MCCC2","methylcrotonoyl-CoA carboxylase 2"
"810","MCEE","methylmalonyl-CoA epimerase"
"811","MCM6","minichromosome maintenance complex component 6"
"812","MCOLN1","mucolipin 1"
"813","MECP2","methyl-CpG binding protein 2"
"814","MED12","mediator complex subunit 12"
"815","MED13L","mediator complex subunit 13 like"
"816","MEFV","MEFV, pyrin innate immunity regulator"
"817","MEGF8","multiple EGF like domains 8"
"818","MEN1","menin 1"
"819","MEOX1","mesenchyme homeobox 1"
"820","MESP2","mesoderm posterior bHLH transcription factor 2"
"821","MFN2","mitofusin 2"
"822","MFSD8","major facilitator superfamily domain containing 8"
"823","MID1","midline 1"
"824","MIR17HG","miR-17-92a-1 cluster host gene"
"825","MIR145","microRNA 145"
"826","MIR146A","microRNA 146a"
"827","MITF","melanocyte inducing transcription factor"
"828","MKKS","McKusick-Kaufman syndrome"
"829","MKRN3","makorin ring finger protein 3"
"830","MLC1","megalencephalic leukoencephalopathy with subcortical cysts 1"
"831","MLH1","mutL homolog 1"
"832","MLPH","melanophilin"
"833","MLYCD","malonyl-CoA decarboxylase"
"834","MMAA","metabolism of cobalamin associated A"
"835","MMAB","metabolism of cobalamin associated B"
"836","MMACHC","metabolism of cobalamin associated C"
"837","MMADHC","metabolism of cobalamin associated D"
"838","MMP2","matrix metallopeptidase 2"
"839","MMP14","matrix metallopeptidase 14"
"840","MMP20","matrix metallopeptidase 20"
"841","MMUT","methylmalonyl-CoA mutase"
"842","MOCOS","molybdenum cofactor sulfurase"
"843","MOCS1","molybdenum cofactor synthesis 1"
"844","MOCS2","molybdenum cofactor synthesis 2"
"845","MPL","MPL proto-oncogene, thrombopoietin receptor"
"846","MPLKIP","M-phase specific PLK1 interacting protein"
"847","MPV17","mitochondrial inner membrane protein MPV17"
"848","MPZ","myelin protein zero"
"849","MRAP","melanocortin 2 receptor accessory protein"
"850","MSH2","mutS homolog 2"
"851","MSH6","mutS homolog 6"
"852","MSTN","myostatin"
"853","MSX1","msh homeobox 1"
"854","MSX2","msh homeobox 2"
"855","MT-ATP6","mitochondrially encoded ATP synthase membrane subunit 6"
"856","MT-CYB","mitochondrially encoded cytochrome b"
"857","MT-ND1","mitochondrially encoded NADH:ubiquinone oxidoreductase core subunit 1"
"858","MT-ND4","mitochondrially encoded NADH:ubiquinone oxidoreductase core subunit 4"
"859","MT-ND4L","mitochondrially encoded NADH:ubiquinone oxidoreductase core subunit 4L"
"860","MT-ND5","mitochondrially encoded NADH:ubiquinone oxidoreductase core subunit 5"
"861","MT-ND6","mitochondrially encoded NADH:ubiquinone oxidoreductase core subunit 6"
"862","MT-TE","mitochondrially encoded tRNA glutamic acid"
"863","MT-TH","mitochondrially encoded tRNA histidine"
"864","MT-TK","mitochondrially encoded tRNA lysine"
"865","MT-TL1","mitochondrially encoded tRNA leucine 1 (UUA/G)"
"866","MT-TS1","mitochondrially encoded tRNA serine 1 (UCN)"
"867","MT-TV","mitochondrially encoded tRNA valine"
"868","MTHFR","methylenetetrahydrofolate reductase"
"869","MTM1","myotubularin 1"
"870","MTOR","mechanistic target of rapamycin kinase"
"871","MTR","5-methyltetrahydrofolate-homocysteine methyltransferase"
"872","MTRR","5-methyltetrahydrofolate-homocysteine methyltransferase reductase"
"873","MTTP","microsomal triglyceride transfer protein"
"874","MUC1","mucin 1, cell surface associated"
"875","MUTYH","mutY DNA glycosylase"
"876","MVK","mevalonate kinase"
"877","MYBPC1","myosin binding protein C, slow type"
"878","MYBPC3","myosin binding protein C, cardiac"
"879","MYCN","MYCN proto-oncogene, bHLH transcription factor"
"880","MYD88","MYD88, innate immune signal transduction adaptor"
"881","MYH3","myosin heavy chain 3"
"882","MYH6","myosin heavy chain 6"
"883","MYH7","myosin heavy chain 7"
"884","MYH9","myosin heavy chain 9"
"885","MYH11","myosin heavy chain 11"
"886","MYO5A","myosin VA"
"887","MYO5B","myosin VB"
"888","MYO7A","myosin VIIA"
"889","MYOC","myocilin"
"890","MYOT","myotilin"
"891","NAGA","alpha-N-acetylgalactosaminidase"
"892","NAGLU","N-acetyl-alpha-glucosaminidase"
"893","NAGS","N-acetylglutamate synthase"
"894","NBEAL2","neurobeachin like 2"
"895","NBN","nibrin"
"896","NCF1","neutrophil cytosolic factor 1"
"897","NCF2","neutrophil cytosolic factor 2"
"898","NCF4","neutrophil cytosolic factor 4"
"899","NCSTN","nicastrin"
"900","NDP","NDP, norrin cystine knot growth factor"
"901","NEB","nebulin"
"902","NEU1","neuraminidase 1"
"903","NF1","neurofibromin 1"
"904","NF2","neurofibromin 2"
"905","NFKBIA","NFKB inhibitor alpha"
"906","NFU1","NFU1 iron-sulfur cluster scaffold"
"907","NGF","nerve growth factor"
"908","NGLY1","N-glycanase 1"
"909","NHLRC1","NHL repeat containing E3 ubiquitin protein ligase 1"
"910","NIPBL","NIPBL, cohesin loading factor"
"911","NKX2-1","NK2 homeobox 1"
"912","NLRP1","NLR family pyrin domain containing 1"
"913","NLRP3","NLR family pyrin domain containing 3"
"914","NLRP7","NLR family pyrin domain containing 7"
"915","NLRP12","NLR family pyrin domain containing 12"
"916","NNT","nicotinamide nucleotide transhydrogenase"
"917","NOD2","nucleotide binding oligomerization domain containing 2"
"918","NOG","noggin"
"919","NOP56","NOP56 ribonucleoprotein"
"920","NOTCH1","notch 1"
"921","NOTCH2","notch 2"
"922","NOTCH3","notch 3"
"923","NPC1","NPC intracellular cholesterol transporter 1"
"924","NPC2","NPC intracellular cholesterol transporter 2"
"925","NPHP1","nephrocystin 1"
"926","NPHS1","NPHS1, nephrin"
"927","NPHS2","NPHS2, podocin"
"928","NPM1","nucleophosmin 1"
"929","NPRL2","NPR2 like, GATOR1 complex subunit"
"930","NPRL3","NPR3 like, GATOR1 complex subunit"
"931","NR0B1","nuclear receptor subfamily 0 group B member 1"
"932","NR3C2","nuclear receptor subfamily 3 group C member 2"
"933","NR5A1","nuclear receptor subfamily 5 group A member 1"
"934","NRAS","NRAS proto-oncogene, GTPase"
"935","NSD1","nuclear receptor binding SET domain protein 1"
"936","NSD2","nuclear receptor binding SET domain protein 2"
"937","NSDHL","NAD(P) dependent steroid dehydrogenase-like"
"938","NTRK1","neurotrophic receptor tyrosine kinase 1"
"939","NYX","nyctalopin"
"940","OAT","ornithine aminotransferase"
"941","OBSL1","obscurin like 1"
"942","OCA2","OCA2 melanosomal transmembrane protein"
"943","OCRL","OCRL, inositol polyphosphate-5-phosphatase"
"944","OFD1","OFD1, centriole and centriolar satellite protein"
"945","OPA1","OPA1, mitochondrial dynamin like GTPase"
"946","OPA3","OPA3, outer mitochondrial membrane lipid metabolism regulator"
"947","OPN1LW","opsin 1, long wave sensitive"
"948","OPN1MW","opsin 1, medium wave sensitive"
"949","OPN1SW","opsin 1, short wave sensitive"
"950","OPRM1","opioid receptor mu 1"
"951","ORC1","origin recognition complex subunit 1"
"952","ORC4","origin recognition complex subunit 4"
"953","ORC6","origin recognition complex subunit 6"
"954","OSMR","oncostatin M receptor"
"955","OTC","ornithine carbamoyltransferase"
"956","OTULIN","OTU deubiquitinase with linear linkage specificity"
"957","OTX2","orthodenticle homeobox 2"
"958","OXCT1","3-oxoacid CoA-transferase 1"
"959","P3H1","prolyl 3-hydroxylase 1"
"960","PABPN1","poly(A) binding protein nuclear 1"
"961","PACS1","phosphofurin acidic cluster sorting protein 1"
"962","PADI3","peptidyl arginine deiminase 3"
"963","PAFAH1B1","platelet activating factor acetylhydrolase 1b regulatory subunit 1"
"964","PAH","phenylalanine hydroxylase"
"965","PANK2","pantothenate kinase 2"
"966","PARK7","Parkinsonism associated deglycase"
"967","PAX2","paired box 2"
"968","PAX3","paired box 3"
"969","PAX6","paired box 6"
"970","PAX8","paired box 8"
"971","PC","pyruvate carboxylase"
"972","PCBD1","pterin-4 alpha-carbinolamine dehydratase 1"
"973","PCCA","propionyl-CoA carboxylase subunit alpha"
"974","PCCB","propionyl-CoA carboxylase subunit beta"
"975","PCNT","pericentrin"
"976","PCSK9","proprotein convertase subtilisin/kexin type 9"
"977","PDCD10","programmed cell death 10"
"978","PDE6B","phosphodiesterase 6B"
"979","PDE6C","phosphodiesterase 6C"
"980","PDE6H","phosphodiesterase 6H"
"981","PDGFB","platelet derived growth factor subunit B"
"982","PDGFRA","platelet derived growth factor receptor alpha"
"983","PDGFRB","platelet derived growth factor receptor beta"
"984","PDHA1","pyruvate dehydrogenase E1 alpha 1 subunit"
"985","PDHB","pyruvate dehydrogenase E1 beta subunit"
"986","PDHX","pyruvate dehydrogenase complex component X"
"987","PDP1","pyruvate dehydrogenase phosphatase catalytic subunit 1"
"988","PEPD","peptidase D"
"989","PEX1","peroxisomal biogenesis factor 1"
"990","PEX7","peroxisomal biogenesis factor 7"
"991","PFKM","phosphofructokinase, muscle"
"992","PGAM2","phosphoglycerate mutase 2"
"993","PGAP2","post-GPI attachment to proteins 2"
"994","PGK1","phosphoglycerate kinase 1"
"995","PHEX","phosphate regulating endopeptidase homolog X-linked"
"996","PHF8","PHD finger protein 8"
"997","PHF21A","PHD finger protein 21A"
"998","PHGDH","phosphoglycerate dehydrogenase"
"999","PHKA1","phosphorylase kinase regulatory subunit alpha 1"
"1000","PHKA2","phosphorylase kinase regulatory subunit alpha 2"
"1001","PHKB","phosphorylase kinase regulatory subunit beta"
"1002","PHKG2","phosphorylase kinase catalytic subunit gamma 2"
"1003","PHOX2A","paired like homeobox 2A"
"1004","PHOX2B","paired like homeobox 2B"
"1005","PHYH","phytanoyl-CoA 2-hydroxylase"
"1006","PIGA","phosphatidylinositol glycan anchor biosynthesis class A"
"1007","PIGO","phosphatidylinositol glycan anchor biosynthesis class O"
"1008","PIGV","phosphatidylinositol glycan anchor biosynthesis class V"
"1009","PIK3CA","phosphatidylinositol-4,5-bisphosphate 3-kinase catalytic subunit alpha"
"1010","PIK3CD","phosphatidylinositol-4,5-bisphosphate 3-kinase catalytic subunit delta"
"1011","PIK3R1","phosphoinositide-3-kinase regulatory subunit 1"
"1012","PIK3R2","phosphoinositide-3-kinase regulatory subunit 2"
"1013","PINK1","PTEN induced kinase 1"
"1014","PITX1","paired like homeodomain 1"
"1015","PITX2","paired like homeodomain 2"
"1016","PKD1","polycystin 1, transient receptor potential channel interacting"
"1017","PKD2","polycystin 2, transient receptor potential cation channel"
"1018","PKHD1","PKHD1, fibrocystin/polyductin"
"1019","PKLR","pyruvate kinase L/R"
"1020","PKP2","plakophilin 2"
"1021","PLA2G6","phospholipase A2 group VI"
"1022","PLAGL1","PLAG1 like zinc finger 1"
"1023","PLCB4","phospholipase C beta 4"
"1024","PLEC","plectin"
"1025","PLG","plasminogen"
"1026","PLOD1","procollagen-lysine,2-oxoglutarate 5-dioxygenase 1"
"1027","PLP1","proteolipid protein 1"
"1028","PML","promyelocytic leukemia"
"1029","PMM2","phosphomannomutase 2"
"1030","PMP22","peripheral myelin protein 22"
"1031","PMS2","PMS1 homolog 2, mismatch repair system component"
"1032","PNKD","PNKD, MBL domain containing"
"1033","PNKP","polynucleotide kinase 3'-phosphatase"
"1034","PNP","purine nucleoside phosphorylase"
"1035","PNPLA2","patatin like phospholipase domain containing 2"
"1036","PNPLA3","patatin like phospholipase domain containing 3"
"1037","PNPLA6","patatin like phospholipase domain containing 6"
"1038","PNPO","pyridoxamine 5'-phosphate oxidase"
"1039","POFUT1","protein O-fucosyltransferase 1"
"1040","POGLUT1","protein O-glucosyltransferase 1"
"1041","POGZ","pogo transposable element derived with ZNF domain"
"1042","POLG","DNA polymerase gamma, catalytic subunit"
"1043","POLH","DNA polymerase eta"
"1044","POLR1C","RNA polymerase I and III subunit C"
"1045","POLR1D","RNA polymerase I and III subunit D"
"1046","POLR3A","RNA polymerase III subunit A"
"1047","POLR3B","RNA polymerase III subunit B"
"1048","POMC","proopiomelanocortin"
"1049","POMT1","protein O-mannosyltransferase 1"
"1050","POMT2","protein O-mannosyltransferase 2"
"1051","POR","cytochrome p450 oxidoreductase"
"1052","PORCN","porcupine O-acyltransferase"
"1053","POU3F4","POU class 3 homeobox 4"
"1054","PPOX","protoporphyrinogen oxidase"
"1055","PPP2R5D","protein phosphatase 2 regulatory subunit B'delta"
"1056","PPT1","palmitoyl-protein thioesterase 1"
"1057","PQBP1","polyglutamine binding protein 1"
"1058","PRF1","perforin 1"
"1059","PRICKLE1","prickle planar cell polarity protein 1"
"1060","PRKAG2","protein kinase AMP-activated non-catalytic subunit gamma 2"
"1061","PRKAR1A","protein kinase cAMP-dependent type I regulatory subunit alpha"
"1062","PRKN","parkin RBR E3 ubiquitin protein ligase"
"1063","PRKRA","protein activator of interferon induced protein kinase EIF2AK2"
"1064","PRNP","prion protein"
"1065","PROC","protein C, inactivator of coagulation factors Va and VIIIa"
"1066","PRODH","proline dehydrogenase 1"
"1067","PROK2","prokineticin 2"
"1068","PROKR2","prokineticin receptor 2"
"1069","PROP1","PROP paired-like homeobox 1"
"1070","PROS1","protein S"
"1071","PRPH2","peripherin 2"
"1072","PRPS1","phosphoribosyl pyrophosphate synthetase 1"
"1073","PRRT2","proline rich transmembrane protein 2"
"1074","PRSS1","serine protease 1"
"1075","PSAP","prosaposin"
"1076","PSEN1","presenilin 1"
"1077","PSEN2","presenilin 2"
"1078","PSENEN","presenilin enhancer, gamma-secretase subunit"
"1079","PSMB8","proteasome subunit beta 8"
"1080","PTCH1","patched 1"
"1081","PTEN","phosphatase and tensin homolog"
"1082","PTPN11","protein tyrosine phosphatase, non-receptor type 11"
"1083","PTPN22","protein tyrosine phosphatase, non-receptor type 22"
"1084","PTS","6-pyruvoyltetrahydropterin synthase"
"1085","PURA","purine rich element binding protein A"
"1086","PYGL","glycogen phosphorylase L"
"1087","PYGM","glycogen phosphorylase, muscle associated"
"1088","QDPR","quinoid dihydropteridine reductase"
"1089","RAB3GAP1","RAB3 GTPase activating protein catalytic subunit 1"
"1090","RAB3GAP2","RAB3 GTPase activating non-catalytic protein subunit 2"
"1091","RAB18","RAB18, member RAS oncogene family"
"1092","RAB23","RAB23, member RAS oncogene family"
"1093","RAB27A","RAB27A, member RAS oncogene family"
"1094","RAD21","RAD21 cohesin complex component"
"1095","RAD51","RAD51 recombinase"
"1096","RAF1","Raf-1 proto-oncogene, serine/threonine kinase"
"1097","RAG1","recombination activating 1"
"1098","RAG2","recombination activating 2"
"1099","RAI1","retinoic acid induced 1"
"1100","RANBP2","RAN binding protein 2"
"1101","RAPSN","receptor associated protein of the synapse"
"1102","RARA","retinoic acid receptor alpha"
"1103","RARS2","arginyl-tRNA synthetase 2, mitochondrial"
"1104","RASA1","RAS p21 protein activator 1"
"1105","RB1","RB transcriptional corepressor 1"
"1106","RBM8A","RNA binding motif protein 8A"
"1107","RBPJ","recombination signal binding protein for immunoglobulin kappa J region"
"1108","RDH5","retinol dehydrogenase 5"
"1109","RECQL4","RecQ like helicase 4"
"1110","REEP1","receptor accessory protein 1"
"1111","RELN","reelin"
"1112","REN","renin"
"1113","RERE","arginine-glutamic acid dipeptide repeats"
"1114","RET","ret proto-oncogene"
"1115","RETREG1","reticulophagy regulator 1"
"1116","RFX5","regulatory factor X5"
"1117","RFXANK","regulatory factor X associated ankyrin containing protein"
"1118","RFXAP","regulatory factor X associated protein"
"1119","RGS9","regulator of G protein signaling 9"
"1120","RGS9BP","regulator of G protein signaling 9 binding protein"
"1121","RHO","rhodopsin"
"1122","RIT1","Ras like without CAAX 1"
"1123","RMRP","RNA component of mitochondrial RNA processing endoribonuclease"
"1124","RNASEH2A","ribonuclease H2 subunit A"
"1125","RNASEH2B","ribonuclease H2 subunit B"
"1126","RNASEH2C","ribonuclease H2 subunit C"
"1127","RNASET2","ribonuclease T2"
"1128","RNF213","ring finger protein 213"
"1129","RNF216","ring finger protein 216"
"1130","ROBO3","roundabout guidance receptor 3"
"1131","ROR2","receptor tyrosine kinase like orphan receptor 2"
"1132","RP2","RP2, ARL3 GTPase activating protein"
"1133","RPE65","RPE65, retinoid isomerohydrolase"
"1134","RPGR","retinitis pigmentosa GTPase regulator"
"1135","RPL5","ribosomal protein L5"
"1136","RPL11","ribosomal protein L11"
"1137","RPL35A","ribosomal protein L35a"
"1138","RPS6KA3","ribosomal protein S6 kinase A3"
"1139","RPS10","ribosomal protein S10"
"1140","RPS14","ribosomal protein S14"
"1141","RPS17","ribosomal protein S17"
"1142","RPS19","ribosomal protein S19"
"1143","RPS24","ribosomal protein S24"
"1144","RPS26","ribosomal protein S26"
"1145","RPSA","ribosomal protein SA"
"1146","RRM2B","ribonucleotide reductase regulatory TP53 inducible subunit M2B"
"1147","RS1","retinoschisin 1"
"1148","RSPO4","R-spondin 4"
"1149","RUNX1","runt related transcription factor 1"
"1150","RUNX1T1","RUNX1 translocation partner 1"
"1151","RUNX2","runt related transcription factor 2"
"1152","RYR1","ryanodine receptor 1"
"1153","RYR2","ryanodine receptor 2"
"1154","SAA1","serum amyloid A1"
"1155","SACS","sacsin molecular chaperone"
"1156","SALL1","spalt like transcription factor 1"
"1157","SALL4","spalt like transcription factor 4"
"1158","SAMD9L","sterile alpha motif domain containing 9 like"
"1159","SAMHD1","SAM and HD domain containing deoxynucleoside triphosphate triphosphohydrolase 1"
"1160","SAR1B","secretion associated Ras related GTPase 1B"
"1161","SATB2","SATB homeobox 2"
"1162","SBDS","SBDS, ribosome maturation factor"
"1163","SCARB2","scavenger receptor class B member 2"
"1164","SCN1A","sodium voltage-gated channel alpha subunit 1"
"1165","SCN4A","sodium voltage-gated channel alpha subunit 4"
"1166","SCN5A","sodium voltage-gated channel alpha subunit 5"
"1167","SCN8A","sodium voltage-gated channel alpha subunit 8"
"1168","SCN9A","sodium voltage-gated channel alpha subunit 9"
"1169","SCN10A","sodium voltage-gated channel alpha subunit 10"
"1170","SCNN1A","sodium channel epithelial 1 alpha subunit"
"1171","SCNN1B","sodium channel epithelial 1 beta subunit"
"1172","SCNN1G","sodium channel epithelial 1 gamma subunit"
"1173","SDHA","succinate dehydrogenase complex flavoprotein subunit A"
"1174","SDHAF2","succinate dehydrogenase complex assembly factor 2"
"1175","SDHB","succinate dehydrogenase complex iron sulfur subunit B"
"1176","SDHC","succinate dehydrogenase complex subunit C"
"1177","SDHD","succinate dehydrogenase complex subunit D"
"1178","SEC23B","Sec23 homolog B, coat complex II component"
"1179","SELENON","selenoprotein N"
"1180","SEPSECS","Sep (O-phosphoserine) tRNA:Sec (selenocysteine) tRNA synthase"
"1181","SEPTIN9","septin 9"
"1182","SERAC1","serine active site containing 1"
"1183","SERPINA1","serpin family A member 1"
"1184","SERPINA6","serpin family A member 6"
"1185","SERPINA7","serpin family A member 7"
"1186","SERPINC1","serpin family C member 1"
"1187","SERPINE1","serpin family E member 1"
"1188","SERPING1","serpin family G member 1"
"1189","SERPINI1","serpin family I member 1"
"1190","SETBP1","SET binding protein 1"
"1191","SETX","senataxin"
"1192","SF3B4","splicing factor 3b subunit 4"
"1193","SFRP4","secreted frizzled related protein 4"
"1194","SFTPB","surfactant protein B"
"1195","SFTPC","surfactant protein C"
"1196","SGCA","sarcoglycan alpha"
"1197","SGCB","sarcoglycan beta"
"1198","SGCD","sarcoglycan delta"
"1199","SGCE","sarcoglycan epsilon"
"1200","SGCG","sarcoglycan gamma"
"1201","SGO1","shugoshin 1"
"1202","SGSH","N-sulfoglucosamine sulfohydrolase"
"1203","SH2D1A","SH2 domain containing 1A"
"1204","SH3BP2","SH3 domain binding protein 2"
"1205","SHANK3","SH3 and multiple ankyrin repeat domains 3"
"1206","SHH","sonic hedgehog"
"1207","SHOX","short stature homeobox"
"1208","SI","sucrase-isomaltase"
"1209","SIL1","SIL1 nucleotide exchange factor"
"1210","SIX1","SIX homeobox 1"
"1211","SIX3","SIX homeobox 3"
"1212","SIX5","SIX homeobox 5"
"1213","SKI","SKI proto-oncogene"
"1214","SKIV2L","Ski2 like RNA helicase"
"1215","SLC1A3","solute carrier family 1 member 3"
"1216","SLC2A1","solute carrier family 2 member 1"
"1217","SLC2A9","solute carrier family 2 member 9"
"1218","SLC2A10","solute carrier family 2 member 10"
"1219","SLC3A1","solute carrier family 3 member 1"
"1220","SLC4A1","solute carrier family 4 member 1 (Diego blood group)"
"1221","SLC5A1","solute carrier family 5 member 1"
"1222","SLC5A5","solute carrier family 5 member 5"
"1223","SLC6A3","solute carrier family 6 member 3"
"1224","SLC6A8","solute carrier family 6 member 8"
"1225","SLC6A19","solute carrier family 6 member 19"
"1226","SLC7A7","solute carrier family 7 member 7"
"1227","SLC7A9","solute carrier family 7 member 9"
"1228","SLC9A6","solute carrier family 9 member A6"
"1229","SLC11A2","solute carrier family 11 member 2"
"1230","SLC12A1","solute carrier family 12 member 1"
"1231","SLC12A3","solute carrier family 12 member 3"
"1232","SLC12A6","solute carrier family 12 member 6"
"1233","SLC16A2","solute carrier family 16 member 2"
"1234","SLC17A5","solute carrier family 17 member 5"
"1235","SLC19A2","solute carrier family 19 member 2"
"1236","SLC19A3","solute carrier family 19 member 3"
"1237","SLC20A2","solute carrier family 20 member 2"
"1238","SLC22A5","solute carrier family 22 member 5"
"1239","SLC22A12","solute carrier family 22 member 12"
"1240","SLC25A1","solute carrier family 25 member 1"
"1241","SLC25A4","solute carrier family 25 member 4"
"1242","SLC25A13","solute carrier family 25 member 13"
"1243","SLC25A15","solute carrier family 25 member 15"
"1244","SLC25A19","solute carrier family 25 member 19"
"1245","SLC25A20","solute carrier family 25 member 20"
"1246","SLC25A24","solute carrier family 25 member 24"
"1247","SLC26A2","solute carrier family 26 member 2"
"1248","SLC26A4","solute carrier family 26 member 4"
"1249","SLC29A3","solute carrier family 29 member 3"
"1250","SLC30A10","solute carrier family 30 member 10"
"1251","SLC34A1","solute carrier family 34 member 1"
"1252","SLC34A2","solute carrier family 34 member 2"
"1253","SLC35A2","solute carrier family 35 member A2"
"1254","SLC37A4","solute carrier family 37 member 4"
"1255","SLC39A14","solute carrier family 39 member 14"
"1256","SLC40A1","solute carrier family 40 member 1"
"1257","SLC45A2","solute carrier family 45 member 2"
"1258","SLC46A1","solute carrier family 46 member 1"
"1259","SLC52A2","solute carrier family 52 member 2"
"1260","SLC52A3","solute carrier family 52 member 3"
"1261","SLCO1B1","solute carrier organic anion transporter family member 1B1"
"1262","SLCO1B3","solute carrier organic anion transporter family member 1B3"
"1263","SLITRK1","SLIT and NTRK like family member 1"
"1264","SLITRK6","SLIT and NTRK like family member 6"
"1265","SLURP1","secreted LY6/PLAUR domain containing 1"
"1266","SMAD3","SMAD family member 3"
"1267","SMAD4","SMAD family member 4"
"1268","SMARCA2","SWI/SNF related, matrix associated, actin dependent regulator of chromatin, subfamily a, member 2"
"1269","SMARCA4","SWI/SNF related, matrix associated, actin dependent regulator of chromatin, subfamily a, member 4"
"1270","SMARCAD1","SWI/SNF-related, matrix-associated actin-dependent regulator of chromatin, subfamily a, containing DEAD/H box 1"
"1271","SMARCAL1","SWI/SNF related, matrix associated, actin dependent regulator of chromatin, subfamily a like 1"
"1272","SMARCB1","SWI/SNF related, matrix associated, actin dependent regulator of chromatin, subfamily b, member 1"
"1273","SMARCE1","SWI/SNF related, matrix associated, actin dependent regulator of chromatin, subfamily e, member 1"
"1274","SMC1A","structural maintenance of chromosomes 1A"
"1275","SMC3","structural maintenance of chromosomes 3"
"1276","SMCHD1","structural maintenance of chromosomes flexible hinge domain containing 1"
"1277","SMN1","survival of motor neuron 1, telomeric"
"1278","SMN2","survival of motor neuron 2, centromeric"
"1279","SMOC1","SPARC related modular calcium binding 1"
"1280","SMPD1","sphingomyelin phosphodiesterase 1"
"1281","SMS","spermine synthase"
"1282","SNAI2","snail family transcriptional repressor 2"
"1283","SNCA","synuclein alpha"
"1284","SNCB","synuclein beta"
"1285","SOD1","superoxide dismutase 1"
"1286","SOS1","SOS Ras/Rac guanine nucleotide exchange factor 1"
"1287","SOST","sclerostin"
"1288","SOX2","SRY-box 2"
"1289","SOX9","SRY-box 9"
"1290","SOX10","SRY-box 10"
"1291","SP110","SP110 nuclear body protein"
"1292","SPART","spartin"
"1293","SPAST","spastin"
"1294","SPECC1L","sperm antigen with calponin homology and coiled-coil domains 1 like"
"1295","SPG7","SPG7, paraplegin matrix AAA peptidase subunit"
"1296","SPG11","SPG11, spatacsin vesicle trafficking associated"
"1297","SPINK5","serine peptidase inhibitor, Kazal type 5"
"1298","SPR","sepiapterin reductase"
"1299","SPRED1","sprouty related EVH1 domain containing 1"
"1300","SPTLC1","serine palmitoyltransferase long chain base subunit 1"
"1301","SQSTM1","sequestosome 1"
"1302","SRCAP","Snf2 related CREBBP activator protein"
"1303","SRD5A2","steroid 5 alpha-reductase 2"
"1304","SRY","sex determining region Y"
"1305","ST3GAL5","ST3 beta-galactoside alpha-2,3-sialyltransferase 5"
"1306","STAMBP","STAM binding protein"
"1307","STAT1","signal transducer and activator of transcription 1"
"1308","STAT3","signal transducer and activator of transcription 3"
"1309","STAT4","signal transducer and activator of transcription 4"
"1310","STIM1","stromal interaction molecule 1"
"1311","STK11","serine/threonine kinase 11"
"1312","STRC","stereocilin"
"1313","STXBP1","syntaxin binding protein 1"
"1314","SUCLA2","succinate-CoA ligase ADP-forming beta subunit"
"1315","SUCLG1","succinate-CoA ligase alpha subunit"
"1316","SUMF1","sulfatase modifying factor 1"
"1317","SUOX","sulfite oxidase"
"1318","SURF1","SURF1, cytochrome c oxidase assembly factor"
"1319","SYNE1","spectrin repeat containing nuclear envelope protein 1"
"1320","SYNGAP1","synaptic Ras GTPase activating protein 1"
"1321","TAF1","TATA-box binding protein associated factor 1"
"1322","TAP1","transporter 1, ATP binding cassette subfamily B member"
"1323","TAP2","transporter 2, ATP binding cassette subfamily B member"
"1324","TARDBP","TAR DNA binding protein"
"1325","TAT","tyrosine aminotransferase"
"1326","TAZ","tafazzin"
"1327","TBC1D20","TBC1 domain family member 20"
"1328","TBC1D24","TBC1 domain family member 24"
"1329","TBP","TATA-box binding protein"
"1330","TBX1","T-box 1"
"1331","TBX5","T-box 5"
"1332","TBXAS1","thromboxane A synthase 1"
"1333","TBXT","T-box transcription factor T"
"1334","TCF4","transcription factor 4"
"1335","TCHH","trichohyalin"
"1336","TCIRG1","T cell immune regulator 1, ATPase H+ transporting V0 subunit a3"
"1337","TCN2","transcobalamin 2"
"1338","TCOF1","treacle ribosome biogenesis factor 1"
"1339","TECPR2","tectonin beta-propeller repeat containing 2"
"1340","TECTA","tectorin alpha"
"1341","TEK","TEK receptor tyrosine kinase"
"1342","TERC","telomerase RNA component"
"1343","TERT","telomerase reverse transcriptase"
"1344","TET2","tet methylcytosine dioxygenase 2"
"1345","TFAP2A","transcription factor AP-2 alpha"
"1346","TFAP2B","transcription factor AP-2 beta"
"1347","TFR2","transferrin receptor 2"
"1348","TG","thyroglobulin"
"1349","TGFB1","transforming growth factor beta 1"
"1350","TGFB2","transforming growth factor beta 2"
"1351","TGFB3","transforming growth factor beta 3"
"1352","TGFBI","transforming growth factor beta induced"
"1353","TGFBR1","transforming growth factor beta receptor 1"
"1354","TGFBR2","transforming growth factor beta receptor 2"
"1355","TGIF1","TGFB induced factor homeobox 1"
"1356","TGM1","transglutaminase 1"
"1357","TGM3","transglutaminase 3"
"1358","TGM5","transglutaminase 5"
"1359","TH","tyrosine hydroxylase"
"1360","THAP1","THAP domain containing 1"
"1361","THPO","thrombopoietin"
"1362","TIMM8A","translocase of inner mitochondrial membrane 8A"
"1363","TINF2","TERF1 interacting nuclear factor 2"
"1364","TK2","thymidine kinase 2, mitochondrial"
"1365","TMCO1","transmembrane and coiled-coil domains 1"
"1366","TMEM70","transmembrane protein 70"
"1367","TMEM127","transmembrane protein 127"
"1368","TMEM173","transmembrane protein 173"
"1369","TMPRSS6","transmembrane serine protease 6"
"1370","TNFRSF1A","TNF receptor superfamily member 1A"
"1371","TNFRSF11A","TNF receptor superfamily member 11a"
"1372","TNFRSF11B","TNF receptor superfamily member 11b"
"1373","TNFRSF13B","TNF receptor superfamily member 13B"
"1374","TNNI2","troponin I2, fast skeletal type"
"1375","TNNI3","troponin I3, cardiac type"
"1376","TNNT2","troponin T2, cardiac type"
"1377","TNNT3","troponin T3, fast skeletal type"
"1378","TNXB","tenascin XB"
"1379","TOR1A","torsin family 1 member A"
"1380","TP53","tumor protein p53"
"1381","TP63","tumor protein p63"
"1382","TPI1","triosephosphate isomerase 1"
"1383","TPM2","tropomyosin 2"
"1384","TPM3","tropomyosin 3"
"1385","TPMT","thiopurine S-methyltransferase"
"1386","TPO","thyroid peroxidase"
"1387","TPP1","tripeptidyl peptidase 1"
"1388","TRAPPC2","trafficking protein particle complex 2"
"1389","TREM2","triggering receptor expressed on myeloid cells 2"
"1390","TREX1","three prime repair exonuclease 1"
"1391","TRIP11","thyroid hormone receptor interactor 11"
"1392","TRIP13","thyroid hormone receptor interactor 13"
"1393","TRNT1","tRNA nucleotidyl transferase 1"
"1394","TRPM1","transient receptor potential cation channel subfamily M member 1"
"1395","TRPM4","transient receptor potential cation channel subfamily M member 4"
"1396","TRPM6","transient receptor potential cation channel subfamily M member 6"
"1397","TRPS1","transcriptional repressor GATA binding 1"
"1398","TRPV4","transient receptor potential cation channel subfamily V member 4"
"1399","TSC1","TSC complex subunit 1"
"1400","TSC2","TSC complex subunit 2"
"1401","TSEN2","tRNA splicing endonuclease subunit 2"
"1402","TSEN34","tRNA splicing endonuclease subunit 34"
"1403","TSEN54","tRNA splicing endonuclease subunit 54"
"1404","TSHB","thyroid stimulating hormone beta"
"1405","TSHR","thyroid stimulating hormone receptor"
"1406","TSPYL1","TSPY like 1"
"1407","TTC37","tetratricopeptide repeat domain 37"
"1408","TTN","titin"
"1409","TTPA","alpha tocopherol transfer protein"
"1410","TTR","transthyretin"
"1411","TUBA1A","tubulin alpha 1a"
"1412","TUBB4A","tubulin beta 4A class IVa"
"1413","TWIST1","twist family bHLH transcription factor 1"
"1414","TWNK","twinkle mtDNA helicase"
"1415","TXNL4A","thioredoxin like 4A"
"1416","TYMP","thymidine phosphorylase"
"1417","TYR","tyrosinase"
"1418","TYROBP","TYRO protein tyrosine kinase binding protein"
"1419","TYRP1","tyrosinase related protein 1"
"1420","UBA1","ubiquitin like modifier activating enzyme 1"
"1421","UBE3A","ubiquitin protein ligase E3A"
"1422","UBE3B","ubiquitin protein ligase E3B"
"1423","UCHL1","ubiquitin C-terminal hydrolase L1"
"1424","UGT1A1","UDP glucuronosyltransferase family 1 member A1"
"1425","UMOD","uromodulin"
"1426","UNC13D","unc-13 homolog D"
"1427","UNC80","unc-80 homolog, NALCN channel complex subunit"
"1428","UPB1","beta-ureidopropionase 1"
"1429","UROD","uroporphyrinogen decarboxylase"
"1430","UROS","uroporphyrinogen III synthase"
"1431","USB1","U6 snRNA biogenesis phosphodiesterase 1"
"1432","USH2A","usherin"
"1433","UTP4","UTP4, small subunit processome component"
"1434","UVSSA","UV stimulated scaffold protein A"
"1435","VCAN","versican"
"1436","VCP","valosin containing protein"
"1437","VDR","vitamin D receptor"
"1438","VHL","von Hippel-Lindau tumor suppressor"
"1439","VKORC1","vitamin K epoxide reductase complex subunit 1"
"1440","VLDLR","very low density lipoprotein receptor"
"1441","VPS13A","vacuolar protein sorting 13 homolog A"
"1442","VPS13B","vacuolar protein sorting 13 homolog B"
"1443","VRK1","VRK serine/threonine kinase 1"
"1444","VWF","von Willebrand factor"
"1445","WAS","Wiskott-Aldrich syndrome"
"1446","WASHC5","WASH complex subunit 5"
"1447","WDR19","WD repeat domain 19"
"1448","WDR35","WD repeat domain 35"
"1449","WDR45","WD repeat domain 45"
"1450","WFS1","wolframin ER transmembrane glycoprotein"
"1451","WNK1","WNK lysine deficient protein kinase 1"
"1452","WNK4","WNK lysine deficient protein kinase 4"
"1453","WNT3","Wnt family member 3"
"1454","WNT4","Wnt family member 4"
"1455","WNT5A","Wnt family member 5A"
"1456","WNT10A","Wnt family member 10A"
"1457","WRN","Werner syndrome RecQ like helicase"
"1458","WT1","Wilms tumor 1"
"1459","XDH","xanthine dehydrogenase"
"1460","XIAP","X-linked inhibitor of apoptosis"
"1461","XK","X-linked Kx blood group"
"1462","XPA","XPA, DNA damage recognition and repair factor"
"1463","XPC","XPC complex subunit, DNA damage recognition and repair factor"
"1464","YWHAE","tyrosine 3-monooxygenase/tryptophan 5-monooxygenase activation protein epsilon"
"1465","YY1AP1","YY1 associated protein 1"
"1466","ZAP70","zeta chain of T cell receptor associated protein kinase 70"
"1467","ZEB2","zinc finger E-box binding homeobox 2"
"1468","ZFP57","ZFP57 zinc finger protein"
"1469","ZFYVE26","zinc finger FYVE-type containing 26"
"1470","ZIC2","Zic family member 2"
"1471","ZMPSTE24","zinc metallopeptidase STE24"
"1472","ZMYM2","zinc finger MYM-type containing 2"
